{
  "urls": [
    "/data/sprites/audiohowler.ogg",
    "/data/sprites/audiohowler.m4a",
    "/data/sprites/audiohowler.mp3",
    "/data/sprites/audiohowler.ac3"
  ],
  "sprite": {
    "bomb_explode": [
      0,
      1593.4693877551022
    ],
    "bomb_hit": [
      3000,
      5067.755102040816
    ],
    "bomb_launch": [
      10000,
      5042.698412698413
    ],
    "bomb_pre": [
      17000,
      5067.755102040816
    ],
    "crumble": [
      24000,
      3082.448979591838
    ],
    "daringescape": [
      29000,
      142001.6326530612
    ],
    "daringescape-title": [
      173000,
      16195.918367346934
    ],
    "flap1": [
      191000,
      444.08163265305234
    ],
    "flap2": [
      193000,
      496.32653061223664
    ],
    "flap3": [
      195000,
      653.0612244897895
    ],
    "flyby": [
      197000,
      5067.75510204082
    ],
    "foot1": [
      204000,
      156.7346938775529
    ],
    "foot2": [
      206000,
      130.61224489794654
    ],
    "foot3": [
      208000,
      130.61224489794654
    ],
    "foot4": [
      210000,
      156.7346938775529
    ],
    "footc1": [
      212000,
      313.4693877551058
    ],
    "footc2": [
      214000,
      365.7142857142901
    ],
    "footc3": [
      216000,
      287.34693877549944
    ],
    "footc4": [
      218000,
      339.59183673468374
    ],
    "giant_leg": [
      220000,
      1358.3673469387634
    ],
    "giant_leg_release": [
      223000,
      1410.6122448979477
    ],
    "glass1": [
      226000,
      366.7800453514758
    ],
    "glass2": [
      228000,
      315.6009070294772
    ],
    "jump1": [
      230000,
      365.7142857142901
    ],
    "jump2": [
      232000,
      208.9795918367372
    ],
    "jump3": [
      234000,
      235.10204081631514
    ],
    "machrunner": [
      236000,
      142132.2448979592
    ],
    "machrunner-title": [
      380000,
      22125.714285714308
    ],
    "obstacle1": [
      404000,
      940.4081632653174
    ],
    "obstacle2": [
      406000,
      757.5510204081866
    ],
    "obstacle3": [
      408000,
      679.1836734693675
    ],
    "run": [
      410000,
      133929.79591836728
    ],
    "run-title": [
      545000,
      31608.163265306073
    ],
    "tumble": [
      578000,
      888.1632653061615
    ],
    "wall": [
      580000,
      287.34693877549944
    ],
    "window1": [
      582000,
      915.3514739228967
    ],
    "window2": [
      584000,
      5042.698412698428
    ]
  }
}
